Sr. No.,Roll Number,Name,DSBDA(Lab),WT(Lab),IWR(Lab),Overall Attendance,
1,1,Aryan Asati,100,-,-,100.0,
2,2,Satyajeet Babar,100,-,-,100.0,
3,3,Aishwarya Bansod,100,-,-,100.0,
4,26,Vishal Kamble,-,100,-,100.0,
5,4,Ganesh Bhalerao ,100,-,-,100.0,
6,27,Pratik Kape,-,100,-,100.0,
7,5,Ketan Bhange,100,-,-,100.0,
8,28,Suraj Karkhile,-,100,-,100.0,
9,6,Siddhesh Bhise,100,-,-,100.0,
10,29,Tushar Kutal,-,100,-,100.0,
11,30,Manju Lahupachang,-,100,-,100.0,
12,7,Shubham Bhujbal,100,-,-,100.0,
13,31,Khushi Mahajan,-,100,-,100.0,
14,8,Vishwa Bilur,100,-,-,100.0,
15,32,Aniket Mane,-,100,-,100.0,
16,33,Rutuja Mane,-,100,-,100.0,
17,9,Pavan Borade,100,-,-,100.0,
18,34,Adarsh Mishra,-,100,-,100.0,
19,10,Pratik Datir,100,-,-,100.0,
20,11,Abhijit Dhamdhere,100,-,-,100.0,
21,35,Abhishek Mohalkar,-,100,-,100.0,
22,36,Vishnu Nair,-,100,-,100.0,
23,12,Kunal Divekar,100,-,-,100.0,
24,37,Tilak Nakade,-,100,-,100.0,
25,13,Chaitanya Ekhande,100,-,-,100.0,
26,14,Vrushali Gade ,100,-,-,100.0,
27,15,Karan Garje,100,-,-,100.0,
28,38,Shweta Narode,-,100,-,100.0,
29,39,Gajanan Navaghare,-,100,-,100.0,
30,16,Sujit Gawde,100,-,-,100.0,
31,17,Yuvraj Hamde,100,-,-,100.0,
32,40,Saurabh Nawale,-,100,-,100.0,
33,41,Pradhyumna Pachhapure,-,100,-,100.0,
34,18,Aditya Inamate,100,-,-,100.0,
35,42,Sakshi Padgham,-,100,-,100.0,
36,19,Suraj Jadhav,100,-,-,100.0,
37,43,Vaishnavi Paithankar,-,100,-,100.0,
38,20,Shruti Jagdale,100,-,-,100.0,
39,44,Krushna Pangatte,-,100,-,100.0,
40,21,Kartik Jagtap,100,-,-,100.0,
41,45,Divya Patil,-,100,-,100.0,
42,46,Janhavi Patil,-,100,-,100.0,
43,47,Prajwal Patil,-,100,-,100.0,
44,22,Nikhil Jagtap,100,-,-,100.0,
45,48,Soham Patil,-,100,-,100.0,
46,49,Pratik,-,100,-,100.0,
47,23,Sarthak Joshi,100,-,-,100.0,
48,50,Shreyas Pawar,-,100,-,100.0,
49,24,Shreyas Kadlag,100,-,-,100.0,
50,25,Mukesh Kalkute,100,-,-,100.0,
51,51,Shrinath Pawar,-,-,100,100.0,
52,52,Uday pawar,-,-,100,100.0,
53,53,Uday U Pawar,-,-,100,100.0,
54,54,Nikhil Potdar,-,-,100,100.0,
55,55,Prachi Ramteke,-,-,100,100.0,
56,56,Sangram Ranshoor,-,-,100,100.0,
57,58,Nisha Shewale,-,-,100,100.0,
58,59,Shweta shewale,-,-,100,100.0,
59,60,Parikshit Soni,-,-,100,100.0,
60,61,Dipesh Sonwne,-,-,100,100.0,
61,62,Jayesh Suryavanshi,-,-,100,100.0,
62,63,Sandesh Thitte,-,-,100,100.0,
63,64,Sarvesh Uchale,-,-,100,100.0,
64,65,Sahil Wakhare,-,-,100,100.0,
65,66,Krishna Kumar Yadav,-,-,100,100.0,
66,67,Sakshi Yerme,-,-,100,100.0,
67,68,Rutuja Chaudhari,-,-,100,100.0,
68,69,Umesh Chimne,-,-,100,100.0,
69,70,Yash Gaikwad,-,-,100,100.0,
70,71,Omkar Kendale,-,-,100,100.0,
71,72,Aditya More ,-,-,100,100.0,
72,73,Aalisha Mujawar,-,-,100,100.0,
73,74,Aniket Pardeshi,-,-,100,100.0,
74,75,Sahil Babar,-,-,100,100.0,
75,76,Anjali Sawant,-,-,100,100.0,
76,77,Krutika Shinde,-,-,100,100.0,
77,57,Shubham Pandurang Sakhare,-,-,100,100.0,
