Sr. No.,Roll Number,Name,DSBDA(Lab),WT(Lab),IWR(Lab),Overall Attendance,
1,1,Aryan Asati,-,-,-,0,
2,2,Satyajeet Babar,-,-,-,0,
3,3,Aishwarya Bansod,-,-,-,0,
4,26,Vishal Kamble,-,-,-,0,
5,4,Ganesh Bhalerao ,-,-,-,0,
6,27,Pratik Kape,-,-,-,0,
7,5,Ketan Bhange,-,-,-,0,
8,28,Suraj Karkhile,-,-,-,0,
9,6,Siddhesh Bhise,-,-,-,0,
10,29,Tushar Kutal,-,-,-,0,
11,30,Manju Lahupachang,-,-,-,0,
12,7,Shubham Bhujbal,-,-,-,0,
13,31,Khushi Mahajan,-,-,-,0,
14,8,Vishwa Bilur,-,-,-,0,
15,32,Aniket Mane,-,-,-,0,
16,33,Rutuja Mane,-,-,-,0,
17,9,Pavan Borade,-,-,-,0,
18,34,Adarsh Mishra,-,-,-,0,
19,10,Pratik Datir,-,-,-,0,
20,11,Abhijit Dhamdhere,-,-,-,0,
21,35,Abhishek Mohalkar,-,-,-,0,
22,36,Vishnu Nair,-,-,-,0,
23,12,Kunal Divekar,-,-,-,0,
24,37,Tilak Nakade,-,-,-,0,
25,13,Chaitanya Ekhande,-,-,-,0,
26,14,Vrushali Gade ,-,-,-,0,
27,15,Karan Garje,-,-,-,0,
28,38,Shweta Narode,-,-,-,0,
29,39,Gajanan Navaghare,-,-,-,0,
30,16,Sujit Gawde,-,-,-,0,
31,17,Yuvraj Hamde,-,-,-,0,
32,40,Saurabh Nawale,-,-,-,0,
33,41,Pradhyumna Pachhapure,-,-,-,0,
34,18,Aditya Inamate,-,-,-,0,
35,42,Sakshi Padgham,-,-,-,0,
36,19,Suraj Jadhav,-,-,-,0,
37,43,Vaishnavi Paithankar,-,-,-,0,
38,20,Shruti Jagdale,-,-,-,0,
39,44,Krushna Pangatte,-,-,-,0,
40,21,Kartik Jagtap,-,-,-,0,
41,45,Divya Patil,-,-,-,0,
42,46,Janhavi Patil,-,-,-,0,
43,47,Prajwal Patil,-,-,-,0,
44,22,Nikhil Jagtap,-,-,-,0,
45,48,Soham Patil,-,-,-,0,
46,49,Pratik,-,-,-,0,
47,23,Sarthak Joshi,-,-,-,0,
48,50,Shreyas Pawar,-,-,-,0,
49,24,Shreyas Kadlag,-,-,-,0,
50,25,Mukesh Kalkute,-,-,-,0,
51,51,Shrinath Pawar,-,-,-,0,
52,52,Uday pawar,-,-,-,0,
53,53,Uday U Pawar,-,-,-,0,
54,54,Nikhil Potdar,-,-,-,0,
55,55,Prachi Ramteke,-,-,-,0,
56,56,Sangram Ranshoor,-,-,-,0,
57,58,Nisha Shewale,-,-,-,0,
58,59,Shweta shewale,-,-,-,0,
59,60,Parikshit Soni,-,-,-,0,
60,61,Dipesh Sonwne,-,-,-,0,
61,62,Jayesh Suryavanshi,-,-,-,0,
62,63,Sandesh Thitte,-,-,-,0,
63,64,Sarvesh Uchale,-,-,-,0,
64,65,Sahil Wakhare,-,-,-,0,
65,66,Krishna Kumar Yadav,-,-,-,0,
66,67,Sakshi Yerme,-,-,-,0,
67,68,Rutuja Chaudhari,-,-,-,0,
68,69,Umesh Chimne,-,-,-,0,
69,70,Yash Gaikwad,-,-,-,0,
70,71,Omkar Kendale,-,-,-,0,
71,72,Aditya More ,-,-,-,0,
72,73,Aalisha Mujawar,-,-,-,0,
73,74,Aniket Pardeshi,-,-,-,0,
74,75,Sahil Babar,-,-,-,0,
75,76,Anjali Sawant,-,-,-,0,
76,77,Krutika Shinde,-,-,-,0,
77,57,Shubham Pandurang Sakhare,-,-,-,0,
